{
  "A52Strategy": {
    "toxic_hours": [
      22
    ],
    "toxic_days": [
      5
    ],
    "hour_stats": {
      "0": {
        "win_rate": 0.413,
        "avg_loss": -0.00652,
        "count": 578
      },
      "1": {
        "win_rate": 0.41,
        "avg_loss": -0.006397,
        "count": 520
      },
      "2": {
        "win_rate": 0.46,
        "avg_loss": -0.005691,
        "count": 450
      },
      "3": {
        "win_rate": 0.445,
        "avg_loss": -0.005909,
        "count": 440
      },
      "4": {
        "win_rate": 0.471,
        "avg_loss": -0.005605,
        "count": 399
      },
      "5": {
        "win_rate": 0.43,
        "avg_loss": -0.005696,
        "count": 505
      },
      "6": {
        "win_rate": 0.502,
        "avg_loss": -0.00573,
        "count": 512
      },
      "7": {
        "win_rate": 0.448,
        "avg_loss": -0.005775,
        "count": 580
      },
      "8": {
        "win_rate": 0.485,
        "avg_loss": -0.005758,
        "count": 526
      },
      "9": {
        "win_rate": 0.462,
        "avg_loss": -0.005398,
        "count": 494
      },
      "10": {
        "win_rate": 0.405,
        "avg_loss": -0.005694,
        "count": 444
      },
      "11": {
        "win_rate": 0.475,
        "avg_loss": -0.005955,
        "count": 530
      },
      "12": {
        "win_rate": 0.466,
        "avg_loss": -0.006701,
        "count": 541
      },
      "13": {
        "win_rate": 0.463,
        "avg_loss": -0.007461,
        "count": 726
      },
      "14": {
        "win_rate": 0.501,
        "avg_loss": -0.008471,
        "count": 844
      },
      "15": {
        "win_rate": 0.481,
        "avg_loss": -0.007798,
        "count": 553
      },
      "16": {
        "win_rate": 0.503,
        "avg_loss": -0.007549,
        "count": 469
      },
      "17": {
        "win_rate": 0.506,
        "avg_loss": -0.006882,
        "count": 435
      },
      "18": {
        "win_rate": 0.48,
        "avg_loss": -0.007213,
        "count": 444
      },
      "19": {
        "win_rate": 0.41,
        "avg_loss": -0.006874,
        "count": 405
      },
      "20": {
        "win_rate": 0.449,
        "avg_loss": -0.006455,
        "count": 423
      },
      "21": {
        "win_rate": 0.42,
        "avg_loss": -0.00662,
        "count": 445
      },
      "22": {
        "win_rate": 0.374,
        "avg_loss": -0.006173,
        "count": 489
      },
      "23": {
        "win_rate": 0.453,
        "avg_loss": -0.005978,
        "count": 514
      }
    },
    "day_stats": {
      "0": {
        "win_rate": 0.483,
        "count": 1689
      },
      "1": {
        "win_rate": 0.463,
        "count": 1836
      },
      "2": {
        "win_rate": 0.472,
        "count": 1834
      },
      "3": {
        "win_rate": 0.504,
        "count": 1864
      },
      "4": {
        "win_rate": 0.429,
        "count": 1686
      },
      "5": {
        "win_rate": 0.379,
        "count": 1597
      },
      "6": {
        "win_rate": 0.452,
        "count": 1760
      }
    },
    "high_vol_wr": 0.541,
    "range_median": 0.010023,
    "short_wr": 0.466,
    "long_wr": 0.428,
    "avg_loser_range": 0.010289,
    "avg_loser_duration": 72.6,
    "n_losers_analyzed": 6669,
    "n_winners_analyzed": 5597
  },
  "OPTStrategy": {
    "toxic_hours": [
      0,
      1,
      9,
      10,
      13,
      17,
      20,
      23
    ],
    "toxic_days": [
      4,
      5,
      6
    ],
    "hour_stats": {
      "0": {
        "win_rate": 0.389,
        "avg_loss": -0.007747,
        "count": 602
      },
      "1": {
        "win_rate": 0.329,
        "avg_loss": -0.0072,
        "count": 596
      },
      "2": {
        "win_rate": 0.407,
        "avg_loss": -0.006944,
        "count": 550
      },
      "3": {
        "win_rate": 0.41,
        "avg_loss": -0.006569,
        "count": 546
      },
      "4": {
        "win_rate": 0.419,
        "avg_loss": -0.00627,
        "count": 496
      },
      "5": {
        "win_rate": 0.502,
        "avg_loss": -0.006367,
        "count": 486
      },
      "6": {
        "win_rate": 0.494,
        "avg_loss": -0.007277,
        "count": 498
      },
      "7": {
        "win_rate": 0.464,
        "avg_loss": -0.006748,
        "count": 552
      },
      "8": {
        "win_rate": 0.436,
        "avg_loss": -0.006127,
        "count": 642
      },
      "9": {
        "win_rate": 0.383,
        "avg_loss": -0.006768,
        "count": 606
      },
      "10": {
        "win_rate": 0.381,
        "avg_loss": -0.006528,
        "count": 546
      },
      "11": {
        "win_rate": 0.428,
        "avg_loss": -0.007152,
        "count": 538
      },
      "12": {
        "win_rate": 0.432,
        "avg_loss": -0.00865,
        "count": 620
      },
      "13": {
        "win_rate": 0.352,
        "avg_loss": -0.007372,
        "count": 818
      },
      "14": {
        "win_rate": 0.406,
        "avg_loss": -0.008827,
        "count": 868
      },
      "15": {
        "win_rate": 0.462,
        "avg_loss": -0.007751,
        "count": 692
      },
      "16": {
        "win_rate": 0.46,
        "avg_loss": -0.007825,
        "count": 548
      },
      "17": {
        "win_rate": 0.39,
        "avg_loss": -0.0081,
        "count": 616
      },
      "18": {
        "win_rate": 0.405,
        "avg_loss": -0.008079,
        "count": 558
      },
      "19": {
        "win_rate": 0.409,
        "avg_loss": -0.008541,
        "count": 474
      },
      "20": {
        "win_rate": 0.387,
        "avg_loss": -0.008369,
        "count": 558
      },
      "21": {
        "win_rate": 0.401,
        "avg_loss": -0.007689,
        "count": 544
      },
      "22": {
        "win_rate": 0.432,
        "avg_loss": -0.007591,
        "count": 556
      },
      "23": {
        "win_rate": 0.39,
        "avg_loss": -0.007388,
        "count": 544
      }
    },
    "day_stats": {
      "0": {
        "win_rate": 0.477,
        "count": 1978
      },
      "1": {
        "win_rate": 0.439,
        "count": 1930
      },
      "2": {
        "win_rate": 0.421,
        "count": 2164
      },
      "3": {
        "win_rate": 0.431,
        "count": 1964
      },
      "4": {
        "win_rate": 0.39,
        "count": 2068
      },
      "5": {
        "win_rate": 0.346,
        "count": 1906
      },
      "6": {
        "win_rate": 0.387,
        "count": 2044
      }
    },
    "high_vol_wr": 0.533,
    "range_median": 0.012249,
    "short_wr": 0.391,
    "long_wr": 0.429,
    "avg_loser_range": 0.012349,
    "avg_loser_duration": 99.7,
    "n_losers_analyzed": 8246,
    "n_winners_analyzed": 5808
  },
  "A51Strategy": {
    "toxic_hours": [
      0,
      1,
      3,
      4,
      5,
      7,
      8,
      9,
      10,
      11,
      12,
      13,
      16,
      18,
      19,
      20,
      22,
      23
    ],
    "toxic_days": [
      1,
      4,
      5,
      6
    ],
    "hour_stats": {
      "0": {
        "win_rate": 0.386,
        "avg_loss": -0.003934,
        "count": 233
      },
      "1": {
        "win_rate": 0.34,
        "avg_loss": -0.004214,
        "count": 144
      },
      "2": {
        "win_rate": 0.519,
        "avg_loss": -0.004304,
        "count": 106
      },
      "3": {
        "win_rate": 0.346,
        "avg_loss": -0.003364,
        "count": 81
      },
      "4": {
        "win_rate": 0.331,
        "avg_loss": -0.003566,
        "count": 130
      },
      "5": {
        "win_rate": 0.358,
        "avg_loss": -0.00387,
        "count": 134
      },
      "6": {
        "win_rate": 0.467,
        "avg_loss": -0.00331,
        "count": 137
      },
      "7": {
        "win_rate": 0.315,
        "avg_loss": -0.003289,
        "count": 162
      },
      "8": {
        "win_rate": 0.281,
        "avg_loss": -0.003624,
        "count": 196
      },
      "9": {
        "win_rate": 0.381,
        "avg_loss": -0.003669,
        "count": 155
      },