{
  "A52Strategy": {
    "toxic_hours": [],
    "toxic_days": [
      5
    ],
    "hour_stats": {
      "0": {
        "win_rate": 0.437,
        "avg_loss": -0.006786,
        "count": 1955
      },
      "1": {
        "win_rate": 0.43,
        "avg_loss": -0.006751,
        "count": 1717
      },
      "2": {
        "win_rate": 0.471,
        "avg_loss": -0.006246,
        "count": 1379
      },
      "3": {
        "win_rate": 0.433,
        "avg_loss": -0.006307,
        "count": 1246
      },
      "4": {
        "win_rate": 0.474,
        "avg_loss": -0.00595,
        "count": 1284
      },
      "5": {
        "win_rate": 0.457,
        "avg_loss": -0.005937,
        "count": 1481
      },
      "6": {
        "win_rate": 0.486,
        "avg_loss": -0.005897,
        "count": 1629
      },
      "7": {
        "win_rate": 0.454,
        "avg_loss": -0.006068,
        "count": 1734
      },
      "8": {
        "win_rate": 0.464,
        "avg_loss": -0.006117,
        "count": 1675
      },
      "9": {
        "win_rate": 0.463,
        "avg_loss": -0.006001,
        "count": 1488
      },
      "10": {
        "win_rate": 0.447,
        "avg_loss": -0.006172,
        "count": 1482
      },
      "11": {
        "win_rate": 0.469,
        "avg_loss": -0.006262,
        "count": 1602
      },
      "12": {
        "win_rate": 0.471,
        "avg_loss": -0.006873,
        "count": 1870
      },
      "13": {
        "win_rate": 0.481,
        "avg_loss": -0.007478,
        "count": 2300
      },
      "14": {
        "win_rate": 0.502,
        "avg_loss": -0.007972,
        "count": 2737
      },
      "15": {
        "win_rate": 0.509,
        "avg_loss": -0.007615,
        "count": 1950
      },
      "16": {
        "win_rate": 0.499,
        "avg_loss": -0.007387,
        "count": 1642
      },
      "17": {
        "win_rate": 0.467,
        "avg_loss": -0.0072,
        "count": 1519
      },
      "18": {
        "win_rate": 0.448,
        "avg_loss": -0.007128,
        "count": 1362
      },
      "19": {
        "win_rate": 0.464,
        "avg_loss": -0.006987,
        "count": 1441
      },
      "20": {
        "win_rate": 0.447,
        "avg_loss": -0.006775,
        "count": 1501
      },
      "21": {
        "win_rate": 0.444,
        "avg_loss": -0.00688,
        "count": 1510
      },
      "22": {
        "win_rate": 0.413,
        "avg_loss": -0.006665,
        "count": 1458
      },
      "23": {
        "win_rate": 0.455,
        "avg_loss": -0.006494,
        "count": 1537
      }
    },
    "day_stats": {
      "0": {
        "win_rate": 0.49,
        "count": 5965
      },
      "1": {
        "win_rate": 0.478,
        "count": 6209
      },
      "2": {
        "win_rate": 0.477,
        "count": 5776
      },
      "3": {
        "win_rate": 0.49,
        "count": 5913
      },
      "4": {
        "win_rate": 0.448,
        "count": 5433
      },
      "5": {
        "win_rate": 0.395,
        "count": 4746
      },
      "6": {
        "win_rate": 0.453,
        "count": 5457
      }
    },
    "high_vol_wr": 0.558,
    "range_median": 0.010517,
    "short_wr": 0.467,
    "long_wr": 0.428,
    "avg_loser_range": 0.010288,
    "avg_loser_duration": 68.5,
    "n_losers_analyzed": 21166,
    "n_winners_analyzed": 18333
  },
  "OPTStrategy": {
    "toxic_hours": [],
    "toxic_days": [],
    "hour_stats": {
      "0": {
        "win_rate": 0.493,
        "avg_loss": -0.008998,
        "count": 1813
      },
      "1": {
        "win_rate": 0.471,
        "avg_loss": -0.008457,
        "count": 1498
      },
      "2": {
        "win_rate": 0.519,
        "avg_loss": -0.008393,
        "count": 1392
      },
      "3": {
        "win_rate": 0.511,
        "avg_loss": -0.008078,
        "count": 1305
      },
      "4": {
        "win_rate": 0.527,
        "avg_loss": -0.008069,
        "count": 1258
      },
      "5": {
        "win_rate": 0.569,
        "avg_loss": -0.00839,
        "count": 1352
      },
      "6": {
        "win_rate": 0.585,
        "avg_loss": -0.008654,
        "count": 1442
      },
      "7": {
        "win_rate": 0.561,
        "avg_loss": -0.008422,
        "count": 1536
      },
      "8": {
        "win_rate": 0.533,
        "avg_loss": -0.008015,
        "count": 1653
      },
      "9": {
        "win_rate": 0.518,
        "avg_loss": -0.008158,
        "count": 1523
      },
      "10": {
        "win_rate": 0.518,
        "avg_loss": -0.008221,
        "count": 1501
      },
      "11": {
        "win_rate": 0.542,
        "avg_loss": -0.008612,
        "count": 1461
      },
      "12": {
        "win_rate": 0.515,
        "avg_loss": -0.009301,
        "count": 1745
      },
      "13": {
        "win_rate": 0.453,
        "avg_loss": -0.008699,
        "count": 2205
      },
      "14": {
        "win_rate": 0.495,
        "avg_loss": -0.009383,
        "count": 2290
      },
      "15": {
        "win_rate": 0.529,
        "avg_loss": -0.008911,
        "count": 1870
      },
      "16": {
        "win_rate": 0.51,
        "avg_loss": -0.009003,
        "count": 1559
      },
      "17": {
        "win_rate": 0.501,
        "avg_loss": -0.008976,
        "count": 1536
      },
      "18": {
        "win_rate": 0.498,
        "avg_loss": -0.008991,
        "count": 1482
      },
      "19": {
        "win_rate": 0.528,
        "avg_loss": -0.009183,
        "count": 1387
      },
      "20": {
        "win_rate": 0.48,
        "avg_loss": -0.009136,
        "count": 1503
      },
      "21": {
        "win_rate": 0.499,
        "avg_loss": -0.008773,
        "count": 1394
      },
      "22": {
        "win_rate": 0.538,
        "avg_loss": -0.008806,
        "count": 1484
      },
      "23": {
        "win_rate": 0.509,
        "avg_loss": -0.008647,
        "count": 1474
      }
    },
    "day_stats": {
      "0": {
        "win_rate": 0.533,
        "count": 5655
      },
      "1": {
        "win_rate": 0.524,
        "count": 5451
      },
      "2": {
        "win_rate": 0.517,
        "count": 5762
      },
      "3": {
        "win_rate": 0.532,
        "count": 5411
      },
      "4": {
        "win_rate": 0.499,
        "count": 5515
      },
      "5": {
        "win_rate": 0.486,
        "count": 4585
      },
      "6": {
        "win_rate": 0.507,
        "count": 5284
      }
    },
    "high_vol_wr": 0.532,
    "range_median": 0.012471,
    "short_wr": 0.513,
    "long_wr": 0.516,
    "avg_loser_range": 0.013284,
    "avg_loser_duration": 109.7,
    "n_losers_analyzed": 18276,
    "n_winners_analyzed": 19387
  },
  "A51Strategy": {
    "toxic_hours": [
      1,
      4,
      5,
      7,
      8,
      10,
      11,
      18,
      20,
      23
    ],
    "toxic_days": [
      1,
      5,
      6
    ],
    "hour_stats": {
      "0": {
        "win_rate": 0.415,
        "avg_loss": -0.004592,
        "count": 407
      },
      "1": {
        "win_rate": 0.385,
        "avg_loss": -0.004614,
        "count": 205
      },
      "2": {
        "win_rate": 0.554,
        "avg_loss": -0.004651,
        "count": 168
      },
      "3": {
        "win_rate": 0.404,
        "avg_loss": -0.003998,
        "count": 141
      },
      "4": {
        "win_rate": 0.365,
        "avg_loss": -0.004151,
        "count": 197
      },
      "5": {
        "win_rate": 0.39,
        "avg_loss": -0.004398,
        "count": 213
      },
      "6": {
        "win_rate": 0.455,
        "avg_loss": -0.003991,
        "count": 209
      },
      "7": {
        "win_rate": 0.394,
        "avg_loss": -0.003899,
        "count": 254
      },
      "8": {
        "win_rate": 0.33,
        "avg_loss": -0.004155,
        "count": 306
      },
      "9": {
        "win_rate": 0.416,
        "avg_loss": -0.004314,
        "count": 255
      },
      "10": {
        "win_rate": 0.347,
        "avg_loss": -0.00404,
        "count": 196
      },
      "11": {
        "win_rate": 0.36,